uid,courseId
kwhite,CS252
kwhite,ACCT201
kwhite,SCI404
kwhite,MATH100
whenderson,ACCT101
ddavis,CS251
ddavis,MATH100
cmorrison,ACCT101
cmorrison,CS251
cmorrison,MATH101
cmorrison,ACCT201
danderson,SCI123
danderson,ACCT201
danderson,MATH100
amorrison,CS251
amorrison,ACCT101
amorrison,MATH101
wprice,MATH100
wprice,SCI404
mroberts,SCI123
mroberts,ACCT101
mroberts,CS251
mroberts,MATH101
kjohnson,CS252
kjohnson,SCI123
jbrown,MATH100
agasper,MATH100
jscott,SCI123
jscott,MATH101
jscott,MATH100
bbutler,SCI123
bbutler,CS251
bbutler,ACCT101
bbutler,MATH100
tmorrison,CS252
tmorrison,ACCT201
tmorrison,MATH101
jbrown14,MATH100
jbrown14,MATH101
gjohnson,MATH100
gjohnson,ACCT101
gjohnson,SCI123
rmartinez,CS252
rmartinez,SCI123
jlewis,CS252
jlewis,MATH101
jlewis,SCI123
mgasper,CS251
mgasper,MATH100
mgasper,ACCT101
mgasper,SCI123
kvales,ACCT201
kvales,CS251
tgrady,SCI123
tgrady,CS252
kmorrison,SCI404
dgrady,ACCT201
dgrady,SCI404
mthompson,MATH100
mthompson,ACCT101
mthompson,MATH101
mthompson,CS251
bgasper,MATH100
bgasper,CS251
dlopez,MATH101
dlopez,ACCT101
dlopez,CS251
hwhite,MATH100
hwhite,CS251
hwhite,CS252
ddavis27,ACCT201
ddavis27,SCI404
ddavis27,CS252
ddavis27,SCI123
bgasper28,MATH100
bgasper28,ACCT101
jjohnson,CS251
jjohnson,ACCT201
jjohnson,SCI123
jjohnson,CS252
amorrison30,MATH101
kmartinez,SCI404
kmartinez,ACCT101
kmartinez,ACCT201
ahenderson,MATH101
ahenderson,SCI404
avales,ACCT101
ggonazles,ACCT101
ggonazles,MATH100
bdoe,SCI404
bdoe,CS252
bdoe,ACCT101
bdoe,CS251
plangenberg,SCI123
gvales,SCI404
gvales,CS251
gvales,MATH101
nhenderson,CS252
wthompson,SCI404
wthompson,SCI123
kvales40,MATH101
kvales40,SCI404
kvales40,SCI123
kvales40,ACCT201
blee,CS252
blee,MATH100
blee,ACCT201
mlee,SCI404
mlee,CS252
mlee,ACCT201
kclark,ACCT201
kclark,MATH100
kclark,SCI123
wscott,SCI123
dbutler,MATH101
dbutler,CS252
dbutler,ACCT101
awhite,ACCT101
awhite,CS251
hdoe,CS251
hdoe,MATH101
dlangenberg,MATH101
dlangenberg,ACCT101
dlangenberg,MATH100
ethompson,ACCT101
ethompson,MATH101
ethompson,ACCT201
ethompson,SCI404
jbrown50,SCI123
jbrown50,MATH100
jbrown50,SCI404
mgonazles,MATH101
gbutler,MATH101
gbutler,ACCT201
gbutler,SCI123
mvales,MATH101
mvales,CS251
mvales,CS252
mlewis,MATH100
mlewis,ACCT201
mlewis,MATH101
mlewis,ACCT101
hvales,ACCT101
hvales,SCI404
hvales,CS251
jscott56,CS251
jscott56,ACCT201
sdoe,SCI123
sdoe,ACCT201
sdoe,ACCT101
sdoe,MATH101
svales,ACCT101
svales,MATH100
hmorrison,MATH101
hmorrison,SCI404
hmorrison,ACCT201
hmorrison,CS252
jlopez,MATH100
jlopez,ACCT101
jlopez,SCI404
dlangenberg61,CS252
dlangenberg61,CS251
bgrady,ACCT101
bgrady,SCI123
bgrady,MATH101
jmorrison,CS251
jmorrison,SCI123
jmorrison,ACCT201
jmorrison,MATH100
wvales,SCI123
wvales,MATH100
mmartinez,ACCT201
mmartinez,SCI123
mmartinez,MATH100
mmartinez,ACCT101
jmartinez,SCI404
jmartinez,CS252
jmartinez,ACCT101
mgasper67,CS251
mgasper67,SCI123
mgasper67,CS252
mgasper67,MATH101
dpeterson,MATH101
dpeterson,SCI123
eprice,MATH100
eprice,SCI123
eprice,ACCT201
jgasper,MATH101
jgasper,MATH100
jgasper,SCI123
jclark,CS252
jclark,SCI404
bpeterson,CS252
bpeterson,SCI123
wsmith,ACCT101
wsmith,SCI123
lwilliams,CS251
lwilliams,SCI404
lwilliams,SCI123
dgrady76,CS251
dgrady76,CS252
dgrady76,MATH100
jmartinez77,SCI123
dlewis,CS251
dlewis,CS252
dlewis,SCI404
dlewis,MATH101
wscott79,MATH101
wscott79,ACCT201
ddoe,ACCT101
ddoe,MATH101
ddoe,ACCT201
ddoe,SCI123
gmorrison,ACCT101
gmorrison,SCI123
gmorrison,CS251
khenderson,SCI404
kpeterson,ACCT201
kpeterson,CS251
kpeterson,ACCT101
kpeterson,SCI123
eprice84,SCI123
hsmith,MATH100
hsmith,CS251
hsmith,SCI123
hsmith,ACCT201
dwilliams,SCI123
dwilliams,ACCT101
klopez,SCI123
wjohnson,MATH100
wjohnson,CS252
wbrown,MATH101
hbrown,SCI404
hbrown,ACCT201
hbrown,SCI123
hbrown,CS251
kroberts,SCI404
kroberts,CS252
kroberts,ACCT201
kroberts,SCI123
dwalters,MATH100
nlee,CS251
nlee,CS252
nlee,ACCT201
nlee,MATH100
sgonazles,ACCT201
sgonazles,MATH101
handerson,CS251
danderson96,SCI123
danderson96,MATH101
danderson96,CS252
danderson96,ACCT101
dgrady97,ACCT201
dgrady97,CS252
jgrady,SCI123
jgrady,ACCT201
jthompson,CS251
jthompson,CS252
kthompson,SCI123
kthompson,ACCT201
kthompson,CS251
jpeterson,ACCT101
jpeterson,CS251
lmorrison,MATH101
lmorrison,CS252
glee,CS251
glee,SCI404
lhenderson,CS251
lhenderson,CS252
lhenderson,ACCT101
lhenderson,SCI404
mscott,SCI404
ldavis,CS251
ldavis,MATH101
ldavis,ACCT201
jroberts,SCI123
jroberts,CS252
jroberts,CS251
jroberts,MATH100
asmith,ACCT101
mbrown,ACCT101
mbrown,SCI123
mbrown,MATH100
kwhite110,SCI123
kwhite110,SCI404
kwhite110,MATH101
kwhite110,ACCT101
mroberts111,CS252
mroberts111,ACCT201
mwhite,SCI123
mwhite,MATH101
mwhite,SCI404
jprice,MATH100
jprice,ACCT201
msmith,SCI123
msmith,MATH101
msmith,ACCT201
sclark,CS252
sclark,SCI404
sclark,MATH101
dvales,SCI123
dvales,ACCT201
dvales,ACCT101
kjohnson117,SCI123
dsmith,SCI123
bwhite,MATH100
bwhite,SCI123
bwhite,ACCT201
ldoe,CS252
ldoe,SCI404
dlangenberg121,ACCT101
gwilliams,ACCT201
gwilliams,SCI123
kclark123,SCI404
kclark123,ACCT201
kclark123,SCI123
ewilliams,SCI123
egonazles,MATH101
egonazles,SCI123
egonazles,CS251
rprice,SCI123
rprice,ACCT201
rprice,SCI404
rprice,MATH100
ewalters,CS251
clangenberg,CS252
clangenberg,ACCT201
cmorrison129,CS252
mbutler,CS251
mbutler,ACCT201
mbutler,MATH101
mbutler,ACCT101
smartinez,CS252
smartinez,SCI123
smartinez,SCI404
smartinez,MATH100
klewis,ACCT201
klewis,ACCT101
mwilliams,MATH101
mwilliams,SCI404
dsmith134,MATH101
dsmith134,SCI123
gpeterson,SCI123
gpeterson,CS251
gpeterson,ACCT101
gpeterson,CS252
bgrady136,SCI123
bgrady136,CS251
mthompson137,CS252
mthompson137,MATH100
mthompson137,SCI404
mroberts138,CS251
mroberts138,SCI123
mroberts138,SCI404
mroberts138,ACCT201
janderson,SCI123
janderson,MATH101
janderson,CS252
janderson,ACCT201
jscott140,ACCT101
jscott140,MATH101
jscott140,SCI123
jscott140,ACCT201
ddavis141,MATH101
ddavis141,CS252
jbutler,CS251
jbutler,ACCT201
jlewis143,MATH101
janderson144,SCI404
mlangenberg,SCI123
mlangenberg,MATH101
jthompson146,ACCT101
jthompson146,CS251
jthompson146,MATH101
hvales147,ACCT201
jwhite,MATH101
jwhite,ACCT101
jwhite,SCI123
jwhite,ACCT201
tgasper,CS251
tgasper,MATH101
tgasper,SCI123
tgasper,SCI404
bjohnson,MATH100
mroberts151,MATH101
mroberts151,MATH100
wthompson152,ACCT201
wthompson152,ACCT101
wthompson152,SCI123
mdoe,ACCT101
mdoe,SCI123
mdoe,CS252
bgonazles,ACCT201
bgonazles,SCI123
bgonazles,SCI404
mthompson155,ACCT101
mthompson155,SCI123
dlee,SCI123
broberts,ACCT201
broberts,SCI123
broberts,SCI404
jvales,SCI123
jvales,ACCT101
jvales,ACCT201
wwilliams,SCI123
wwilliams,ACCT201
wwilliams,SCI404
wwilliams160,SCI123
wwilliams160,SCI404
wwilliams160,CS251
ggasper,ACCT101
ggasper,ACCT201
rlopez,CS252
rlopez,MATH101
rlopez,ACCT101
rlopez,MATH100
mgrady,ACCT201
lpeterson,MATH101
lpeterson,CS251
lpeterson,ACCT201
ljohnson,SCI123
ljohnson,CS251
gscott,MATH101
mprice,SCI404
mprice,SCI123
bprice,SCI123
aanderson,CS252
aanderson,MATH100
aanderson,ACCT201
aanderson,SCI404
bprice170,SCI123
hscott,SCI123
hthompson,SCI404
jmorrison173,SCI123
jmorrison173,MATH100
jmorrison173,MATH101
mprice174,CS251
hprice,SCI123
kbutler,ACCT201
kbutler,ACCT101
kbutler,SCI123
kbutler,CS251
bjohnson177,MATH101
bjohnson177,MATH100
jlee,SCI123
jlee,MATH100
jlee,MATH101
jlee,ACCT101
rwilliams,ACCT101
rwilliams,SCI123
rwilliams,MATH101
jprice180,ACCT201
jprice180,CS252
kgasper,SCI123
kgasper,ACCT201
kgasper,ACCT101
kgasper,MATH100
cthompson,CS251
cthompson,SCI404
ethompson183,SCI123
ethompson183,ACCT201
ethompson183,SCI404
ethompson183,CS252
bclark,SCI404
bclark,SCI123
bclark,MATH100
llee,SCI123
llee,SCI404
llee,ACCT201
kpeterson186,MATH100
kpeterson186,SCI404
kpeterson186,ACCT201
wlee,SCI123
wlee,CS251
wlee,MATH101
gjohnson188,MATH100
gjohnson188,ACCT101
mlopez,SCI123
mlopez,SCI404
mlopez,ACCT201
mlopez,MATH100
sgrady,MATH101
sgrady,SCI123
pbrown,SCI123
pbrown,ACCT101
pbrown,CS252
mwilliams192,CS251
mwilliams192,SCI404
mwilliams192,SCI123
jlewis193,ACCT201
jlewis193,ACCT101
nbrown,MATH100
nbrown,ACCT201
jwalters,ACCT201
jwalters,CS252
hdoe196,CS251
mlewis197,SCI123
mlewis197,ACCT201
mlewis197,MATH100
blewis,SCI123
blewis,ACCT101
blewis,CS251
blewis,ACCT201
mwalters,SCI123
mwalters,ACCT201
mwalters,CS252
mwalters,CS251
llopez,ACCT101
llopez,MATH100
llopez,SCI404
jwalters201,SCI123
jwalters201,SCI404
jwalters201,ACCT101
jwalters201,MATH101
kmorrison202,ACCT201
kmorrison202,SCI123
kmorrison202,MATH101
kmorrison202,MATH100
bgrady203,CS252
bgrady203,ACCT101
clewis,MATH101
hwhite205,SCI123
hwhite205,CS252
hwhite205,CS251
dprice,CS251
jlee207,SCI404
jlee207,MATH100
jlee207,ACCT101
jbutler208,CS251
bdavis,MATH101
bdavis,SCI123
bdavis,CS251
bdavis,SCI404
jroberts210,ACCT201
jroberts210,SCI404
jroberts210,SCI123
gjohnson211,MATH101
gjohnson211,CS251
gjohnson211,ACCT201
jlangenberg,SCI404
jlangenberg,CS252
jlangenberg,MATH101
jlangenberg,SCI123
dhenderson,ACCT101
dhenderson,SCI123
dhenderson,MATH100
dhenderson,SCI404
pmartinez,CS251
pmartinez,SCI404
pmartinez,ACCT201
pmartinez,SCI123
ganderson,ACCT101
ganderson,SCI123
ganderson,CS251
ganderson,ACCT201
mpeterson,SCI123
mpeterson,ACCT201
mpeterson,CS251
mpeterson,ACCT101
klopez217,MATH101
klopez217,ACCT101
klopez217,MATH100
klopez217,CS251
tgasper218,SCI123
tgasper218,SCI404
tgasper218,CS251
tgasper218,ACCT101
lsmith,MATH100
ebutler,SCI123
ebutler,ACCT101
jvales221,SCI123
jvales221,MATH101
jvales221,ACCT101
jvales222,SCI404
jvales222,ACCT101
kjohnson223,SCI123
kjohnson223,CS252
kscott,CS251
dwilliams225,SCI123
bclark226,SCI404
bclark226,SCI123
mwhite227,MATH101
danderson228,MATH101
danderson228,SCI123
danderson228,ACCT201
dgrady229,CS252
dgrady229,MATH100
jgrady230,ACCT201
jgrady230,SCI404
jgrady230,ACCT101
jdoe,SCI404
jdoe,MATH101
jdoe,ACCT201
jdoe,ACCT101
dmorrison,CS251
mclark,ACCT201
plopez,SCI123
plopez,ACCT101
plopez,MATH101
plopez,ACCT201
hlewis,CS251
dsmith236,CS251
dsmith236,MATH101
dsmith236,ACCT201
dsmith236,CS252
kbutler237,MATH101
kbutler237,CS251
kbutler237,SCI404
kdavis,ACCT101
kdavis,SCI123
kdoe,SCI404
kdoe,MATH100
kgrady,MATH100
kgrady,SCI123
jprice241,ACCT101
shenderson,SCI123
shenderson,CS252
shenderson,SCI404
kmorrison243,SCI404
kmorrison243,MATH100
mgonazles244,MATH100
alewis,CS251
alewis,ACCT201
alewis,SCI404
alewis,SCI123
mdavis,CS252
mdavis,SCI123
manderson,ACCT101
manderson,MATH101
bmorrison,SCI123
msmith249,MATH100
msmith249,CS252
jdoe250,CS252
jdoe250,ACCT201
jdoe250,ACCT101
jgasper251,SCI404
jgasper251,SCI123
jgasper251,CS251
jscott252,SCI123
jscott252,CS252
jscott252,SCI404
kwhite253,ACCT201
kwhite253,ACCT101
kwhite253,SCI123
kwhite253,MATH101
wbrown254,ACCT201
wbrown254,SCI404
wbrown254,CS251
wbrown254,MATH101
mpeterson255,MATH101
mpeterson255,SCI123
mpeterson255,CS252
mpeterson255,ACCT101
kthompson256,MATH100
kthompson256,MATH101
kthompson256,SCI404
jscott257,ACCT101
jscott257,CS251
jscott257,MATH100
jscott257,SCI404
mlangenberg258,ACCT201
khenderson259,SCI123
khenderson259,MATH101
hbutler,ACCT101
hbutler,CS252
mbutler261,SCI404
mbutler261,SCI123
mbutler261,CS252
jmorrison262,SCI404
jmorrison262,MATH100
jmorrison262,SCI123
jmorrison262,ACCT201
rdavis,SCI404
rdavis,CS251
rdavis,ACCT101
rdavis,MATH100
kbutler264,SCI123
kbutler264,MATH101
kbutler264,CS251
kbutler264,ACCT201
jwhite265,SCI123
jwhite265,SCI404
jwhite265,CS251
jwhite265,MATH100
jwilliams,ACCT201
llangenberg,ACCT101
llangenberg,CS252
llangenberg,SCI123
jhenderson,CS251
jhenderson,MATH101
jlangenberg269,ACCT201
jlangenberg269,MATH100
jlangenberg269,ACCT101
mdoe270,CS251
mdoe270,CS252
mbrown271,CS252
mbrown271,ACCT101
mbrown271,ACCT201
mbrown271,SCI404
jvales272,CS251
tdavis,SCI123
tdavis,MATH101
ejohnson,MATH101
ejohnson,MATH100
jpeterson275,ACCT101
jpeterson275,ACCT201
jpeterson275,SCI404
jpeterson275,MATH101
gsmith,ACCT201
gsmith,CS251
klopez278,SCI123
klopez278,ACCT201
klopez278,CS252
sclark279,SCI404
sclark279,CS252
sclark279,ACCT201
abrown,SCI123
abrown,MATH100
jwhite281,ACCT101
jwhite281,SCI404
jwhite281,SCI123
jwhite281,MATH100
hgrady,MATH100
hgrady,SCI123
hgrady,ACCT201
kwhite283,SCI404
kwhite283,ACCT201
bsmith,CS252
elopez,SCI123
elopez,ACCT201
elopez,CS252
pclark,ACCT101
pclark,MATH100
glee287,ACCT101
glee287,SCI123
glee287,CS252
glee287,ACCT201
jwhite288,SCI404
jwhite288,MATH101
jwhite288,SCI123
jwhite288,ACCT201
rdavis289,SCI123
rdavis289,CS251
jgasper290,SCI123
nwhite,SCI404
nwhite,ACCT101
nwhite,CS252
nwhite,SCI123
kpeterson292,MATH100
kpeterson292,MATH101
klewis293,SCI404
jvales294,CS252
jvales294,SCI123
jvales294,ACCT101
jvales294,SCI404
rdoe,SCI404
rdoe,ACCT101
rdoe,CS252
bbrown,SCI404
bbrown,ACCT101
mlangenberg297,MATH101
mlangenberg297,CS252
mlangenberg297,CS251
mlangenberg297,SCI404
broberts298,SCI123
broberts298,ACCT101
broberts298,MATH101
broberts298,SCI404
ldoe299,MATH101
ggasper300,CS251
ggasper300,ACCT201
ggasper300,CS252
lroberts,SCI404
lroberts,SCI123
lroberts,MATH100
lroberts,CS251
kwhite302,SCI404
kwhite302,MATH100
kwhite302,MATH101
kwhite302,SCI123
dwilliams303,ACCT101
bpeterson304,ACCT201
bpeterson304,MATH100
bpeterson304,SCI123
bpeterson304,CS252
swalters,CS251
swalters,CS252
swalters,ACCT101
swalters,SCI123
edavis,ACCT101
edavis,SCI123
edavis,CS251
bthompson,ACCT201
bthompson,SCI123
bthompson,MATH100
bthompson,CS251
slangenberg,MATH101
slangenberg,SCI123
slangenberg,MATH100
dwilliams309,SCI123
dwilliams309,SCI404
cpeterson,SCI123
mlee311,MATH101
elopez312,ACCT201
elopez312,ACCT101
pmartinez313,SCI123
pmartinez313,CS252
pmartinez313,CS251
lwilliams314,CS251
lwilliams314,MATH101
lwilliams314,SCI404
kpeterson315,CS252
kpeterson315,SCI404
kpeterson315,CS251
kpeterson315,SCI123
kvales316,MATH101
hbutler317,CS252
hbutler317,MATH100
hbutler317,SCI123
hbutler317,ACCT101
jwalters318,SCI404
kthompson319,ACCT101
kthompson319,ACCT201
kthompson319,CS252
kthompson319,SCI404
mscott320,SCI404
rbutler,ACCT201
rbutler,SCI123
rbutler,SCI404
rbutler,CS251
mclark322,ACCT201
mclark322,ACCT101
hhenderson,SCI404
hhenderson,CS251
hdoe324,SCI123
hdoe324,ACCT101
hdoe324,CS251
hdoe324,SCI404
mdoe325,CS251
mdoe325,SCI404
klopez326,CS251
klopez326,SCI123
klopez326,MATH100
dlewis327,MATH100
dlewis327,SCI123
dlewis327,SCI404
wlee328,ACCT101
wlee328,SCI123
wlee328,SCI404
mthompson329,CS251
gbrown,CS252
gbrown,SCI123
gbrown,MATH100
gbrown,SCI404
rmartinez331,ACCT101
rmartinez331,SCI404
klee,ACCT101
mjohnson,CS251
lwilliams334,SCI123
lwilliams334,MATH101
lwilliams334,CS251
tbrown,SCI123
tbrown,ACCT201
tbrown,CS252
tbrown,SCI404
jwalters336,CS252
jwalters336,ACCT101
jwalters336,SCI404
lbutler,MATH101
lbutler,CS251
lbutler,SCI123
lbutler,CS252
kbrown,MATH100
kbrown,SCI123
pjohnson,SCI404
pjohnson,ACCT201
jprice340,MATH100
jprice341,CS252
lhenderson342,SCI404
lhenderson342,CS252
kwhite343,SCI123
klopez344,SCI123
bgonazles345,SCI123
apeterson,SCI123
dbutler347,SCI123
speterson,SCI404
jpeterson349,ACCT201
jpeterson349,SCI404
jpeterson349,MATH101
gjohnson350,ACCT201
gjohnson350,MATH101
gjohnson350,CS251
lthompson,SCI404
lthompson,MATH101
nclark,SCI123
nclark,ACCT201
swilliams,MATH101
jprice354,SCI404
jprice354,MATH100
lclark,CS252
lclark,CS251
ghenderson,CS252
ghenderson,MATH101
ghenderson,SCI123
egonazles357,SCI404
egonazles357,MATH101
egonazles357,MATH100
egonazles357,SCI123
dlangenberg358,SCI123
dlangenberg358,ACCT201
dlangenberg358,MATH101
cbrown,CS252
cbrown,SCI123
cbrown,MATH101
twalters,ACCT101
twalters,SCI123
twalters,MATH100
swhite,SCI123
swhite,CS252
swhite,ACCT201
swhite,MATH101
rwalters,SCI123
rwalters,CS252
rwalters,ACCT201
rwalters,MATH100
eroberts,MATH100
bvales,SCI123
bvales,MATH101
bdoe365,MATH100
bdoe365,SCI123
bdoe365,CS251
bdoe365,SCI404
nlee366,CS251
nlee366,SCI123
nlee366,SCI404
tmorrison367,SCI123
kbutler368,MATH100
kbutler368,CS252
bdavis369,SCI123
bdavis369,ACCT101
bdavis369,MATH100
kdavis370,ACCT101
llewis,ACCT101
djohnson,CS251
djohnson,ACCT101
djohnson,SCI123
jlangenberg373,SCI123
jlangenberg373,SCI404
jlangenberg373,MATH101
jlangenberg373,CS251
klangenberg,SCI404
jthompson375,MATH101
jthompson375,MATH100
jgonazles,MATH101
mscott377,SCI123
mscott377,ACCT201
mscott377,ACCT101
mscott377,SCI404
jsmith378,MATH100
jsmith378,CS252
mroberts379,SCI123
mroberts379,ACCT201
kprice,CS252
tclark,CS251
egasper,CS252
egasper,SCI123
egasper,ACCT201
egasper,ACCT101
jjohnson383,CS252
jjohnson383,MATH101
jjohnson383,CS251
jjohnson383,SCI123
cdavis,SCI123
cdavis,CS251
cdavis,MATH101
escott,SCI123
escott,ACCT201
escott,CS251
escott,ACCT101
kmartinez386,ACCT201
kmartinez386,ACCT101
lgrady,MATH101
jmartinez388,CS252
alangenberg,CS252
alangenberg,ACCT201
blewis390,CS252
pjohnson391,MATH101
pjohnson391,SCI123
pjohnson391,MATH100
llee392,CS251
llee392,ACCT101
llee392,SCI123
slewis,CS252
slewis,MATH101
nwalters,MATH101
nwalters,SCI404
hscott395,ACCT201
hscott395,SCI123
hscott395,CS251
edavis396,SCI404
dlangenberg397,CS251
dlangenberg397,SCI404
dlangenberg397,SCI123
plangenberg398,CS252
plangenberg398,SCI404
plangenberg398,SCI123
mscott399,MATH101
mscott399,SCI123
mscott399,MATH100
mscott399,CS252
jgasper400,ACCT101
jgasper400,SCI123
kmartinez401,SCI404
kmartinez401,CS252
cwalters,CS251
cgasper,ACCT101
cgasper,CS252
cgasper,SCI404
cgasper,CS251
jwilliams404,ACCT101
jwilliams404,CS251
jwilliams404,SCI123
jwilliams404,MATH101
rwalters405,SCI123
rwalters405,MATH100
rwalters405,ACCT201
kvales406,SCI404
bscott,ACCT201
bscott,MATH101
hmorrison408,SCI404
hmorrison408,CS252
hmorrison408,MATH100
hmorrison408,CS251
eanderson,ACCT201
mlangenberg410,SCI123
msmith411,ACCT201
msmith411,SCI123
msmith411,MATH101
wpeterson,CS251
wpeterson,CS252
wpeterson,SCI123
wpeterson,SCI404
mgasper413,SCI123
mgasper413,MATH101
mgasper413,ACCT201
mgasper413,CS252
bvales414,CS251
bvales414,SCI123
bvales414,SCI404
bgrady415,SCI123
bgrady415,ACCT201
bgrady415,ACCT101
bgrady415,CS252
plee,CS251
plee,MATH101
plee,ACCT201
kwilliams,SCI404
kwilliams,CS252
kwilliams,ACCT201
kwilliams,MATH101
wwilliams418,SCI123
wwilliams418,ACCT101
wwilliams418,MATH101
jbutler419,CS252
hvales420,MATH100
hvales420,ACCT201
hvales420,MATH101
kroberts421,ACCT201
bdoe422,SCI123
bdoe422,MATH101
bdoe422,SCI404
dclark,MATH101
dclark,MATH100
mhenderson,ACCT101
mhenderson,CS251
mhenderson,SCI404
dhenderson425,CS252
dhenderson425,SCI123
dhenderson425,SCI404
dhenderson425,ACCT201
dgonazles,CS252
dgonazles,MATH101
dgrady427,MATH100
jjohnson428,SCI123
jjohnson428,MATH100
jjohnson428,CS251
jjohnson428,ACCT201
jlewis429,MATH100
klangenberg430,ACCT201
klangenberg430,MATH100
klangenberg430,CS251
klangenberg430,MATH101
ddoe431,CS251
ddoe431,ACCT201
escott432,SCI404
escott432,MATH101
escott432,CS251
lwalters,CS252
lwalters,MATH101
gsmith434,SCI123
gsmith434,MATH101
gsmith434,SCI404
kwalters,MATH100
tmorrison436,CS252
tmorrison436,CS251
tmorrison436,SCI123
bbutler437,CS252
mgonazles438,ACCT201
rwalters439,SCI123
rwalters439,SCI404
kclark440,ACCT201
nvales,SCI123
nvales,ACCT201
jwalters442,SCI123
jwalters442,CS251
jwalters442,ACCT201
bwilliams,SCI404
jgrady444,SCI123
jgrady444,MATH101
jgrady444,MATH100
escott445,MATH100
escott445,MATH101
bclark446,MATH101
bclark446,SCI123
bclark446,SCI404
bclark446,ACCT201
klopez447,SCI123
klopez447,ACCT101
klopez447,CS252
klopez447,MATH100
slee,MATH101
dwilliams449,CS251
dwilliams449,CS252
dwilliams449,MATH100
dwilliams449,ACCT201
klewis450,MATH101
elangenberg,SCI404
elangenberg,MATH100
elangenberg,CS252
elangenberg,CS251
rvales,CS251
rvales,SCI123
rvales,ACCT201
rvales,ACCT101
jgasper453,MATH100
mgasper454,SCI123
mgasper454,CS251
mgasper454,ACCT201
mgasper454,CS252
jclark455,CS252
bgasper456,SCI123
bgasper456,MATH100
bgasper456,ACCT201
bgasper456,CS251
bwilliams457,CS252
kprice458,SCI123
kprice458,MATH101
ksmith,ACCT101
ksmith,MATH101
ksmith,MATH100
ksmith,ACCT201
lbutler460,MATH101
lbutler460,ACCT101
lbutler460,CS252
mlewis461,SCI123
mlewis461,ACCT201
mlewis461,CS252
mlewis461,ACCT101
jmorrison462,CS251
jmorrison462,SCI404
jmorrison462,MATH100
msmith463,MATH100
blopez,SCI123
hdavis,SCI123
bwilliams466,SCI123
bwilliams466,MATH101
bwilliams466,ACCT201
bwilliams466,MATH100
gdavis,SCI404
gdavis,MATH100
gdavis,CS252
gdavis,ACCT101
mgonazles468,MATH101
mgonazles468,SCI123
mgonazles468,SCI404
mlopez469,CS252
mlopez469,ACCT201
mlopez469,MATH100
eroberts470,ACCT101
eroberts470,SCI404
eroberts470,ACCT201
eroberts470,SCI123
bsmith471,ACCT101
bsmith471,ACCT201
bsmith471,SCI123
bsmith471,CS252
rwilliams472,SCI404
rwilliams472,CS252
rwilliams472,MATH101
rwilliams472,ACCT101
jdavis,ACCT201
jdavis,SCI404
egrady,SCI123
dpeterson475,MATH100
dpeterson475,CS251
dpeterson475,SCI123
lwilliams476,SCI123
lwilliams476,CS251
lwilliams476,CS252
lwilliams476,SCI404
eroberts477,MATH100
eroberts477,CS252
pvales,CS251
pvales,CS252
jscott479,ACCT201
bdavis480,ACCT101
jgrady481,SCI404
jgrady481,SCI123
nbrown482,SCI123
nbrown482,CS252
nbrown482,CS251
nbrown482,ACCT201
blee483,SCI123
blee483,CS251
jclark484,SCI123
jclark484,CS251
jclark484,ACCT101
dbrown,ACCT101
dbrown,SCI404
pgonazles,SCI404
pgonazles,ACCT201
pgonazles,MATH100
mwhite487,SCI404
mwhite487,MATH100
mwhite487,CS252
mwhite487,ACCT101
svales488,SCI123
svales488,CS252
svales488,ACCT101
svales488,CS251
egasper489,ACCT201
kdoe490,SCI123
kdoe490,ACCT201
bmorrison491,CS252
bmorrison491,SCI123
lvales,ACCT101
lvales,SCI123
lvales,CS252
hdavis493,MATH101
jthompson494,MATH101
jthompson494,MATH100
kdoe495,ACCT201
kwilliams496,ACCT101
egasper497,MATH101
pvales498,MATH100
sscott,ACCT201
sscott,ACCT101
tmartinez,ACCT101
mvales501,ACCT101
mvales501,SCI123
mvales501,CS251
mvales501,MATH100
mhenderson502,ACCT101
mdavis503,ACCT101
mdavis503,SCI123
mdoe504,CS252
mdoe504,CS251
mdoe504,MATH100
bgrady505,SCI404
bgrady505,SCI123
bgrady505,ACCT101
mmartinez506,CS251
mmartinez506,SCI404
bwalters,ACCT101
bwalters,MATH100
bwalters,MATH101
bwalters,SCI404
avales508,ACCT201
avales508,MATH100
avales508,ACCT101
avales508,CS252
dlangenberg509,SCI123
dlangenberg509,CS252
tlopez,CS252
tlopez,ACCT201
tlopez,MATH100
lclark511,ACCT201
lclark511,SCI123
panderson,ACCT201
panderson,SCI123
panderson,MATH100
bjohnson513,CS252
bjohnson513,MATH100
bjohnson513,SCI123
bjohnson513,ACCT101
wlopez,ACCT201
tmartinez515,MATH100
tmartinez515,SCI404
wclark,ACCT101
wclark,ACCT201
wclark,SCI404
wclark,CS251
jwilliams517,SCI123
hwilliams,SCI404
hwilliams,ACCT201
hwilliams,MATH101
llopez519,CS252
klopez520,CS252
klopez520,MATH100
klopez520,SCI123
tlee,ACCT101
tlee,CS251
tlee,ACCT201
tlee,MATH100
mscott522,MATH100
mscott522,CS252
danderson523,MATH100
danderson523,CS252
jgonazles524,SCI404
hgasper,SCI123
hgasper,CS251
hgasper,CS252
ehenderson,ACCT101
ehenderson,ACCT201
ehenderson,MATH101
bscott527,MATH101
bscott527,ACCT101
ewhite,SCI123
ewhite,ACCT101
sroberts,SCI404
pbutler,SCI123
gdavis531,ACCT201
wjohnson532,MATH100
escott533,SCI123
escott533,ACCT101
escott533,MATH100
escott533,SCI404
kmartinez534,CS252
kmartinez534,SCI123
kmartinez534,MATH101
kmartinez534,SCI404
kbrown535,MATH101
kbrown535,MATH100
jlangenberg536,SCI404
jlangenberg536,SCI123
gdavis537,CS252
gdavis537,SCI404
gdavis537,MATH100
gdavis537,ACCT101
wdoe,MATH100
wdoe,SCI404
wdoe,ACCT201
kthompson539,CS251
kthompson539,MATH100
ldavis540,SCI123
ldavis540,CS251
ldavis540,ACCT201
bmartinez,MATH101
bmartinez,ACCT101
lroberts542,CS251
lroberts542,ACCT201
lroberts542,MATH100
lroberts542,SCI123
ksmith543,ACCT201
ksmith543,ACCT101
ksmith543,CS252
ksmith543,CS251
jclark544,SCI123
jclark544,MATH101
jbutler545,ACCT201
jbutler545,CS252
jbutler545,MATH101
jgrady546,CS251
jgrady546,MATH100
jlee547,CS251
jlee547,SCI404
jlee547,ACCT101
jlee547,CS252
csmith,CS251
csmith,SCI123
csmith,ACCT101
csmith,SCI404
tpeterson,SCI123
mgonazles550,ACCT101
mgonazles550,SCI123
mgonazles550,ACCT201
mgonazles550,MATH100
bwhite551,SCI123
bwhite551,MATH101
nhenderson552,SCI123
nhenderson552,CS252
blewis553,ACCT201
blewis553,CS251
blewis553,CS252
mjohnson554,ACCT101
mjohnson554,CS251
ganderson555,MATH100
ganderson555,CS251
ganderson555,MATH101
slewis556,SCI123
slewis556,MATH100
slewis556,ACCT101
dvales557,CS252
dvales557,ACCT201
dvales557,SCI404
jlopez558,SCI123
jlopez558,CS251
jlopez558,SCI404
jlopez558,CS252
kmartinez559,CS252
kmartinez559,ACCT201
kmartinez559,SCI123
kmartinez559,SCI404
kthompson560,CS251
kroberts561,CS252
kroberts561,SCI123
kroberts561,SCI404
kroberts561,MATH101
mbrown562,SCI404
blopez563,SCI123
blopez563,ACCT201
blopez563,MATH101
jroberts564,CS251
jroberts564,ACCT101
jroberts564,SCI123
jroberts564,MATH100
jlopez565,MATH101
jlopez565,ACCT101
bwalters566,SCI123
bwalters566,SCI404
bwalters566,CS251
kvales567,MATH101
mlopez568,CS252
mlopez568,SCI123
mlopez568,MATH101
mlopez568,MATH100
tmorrison569,CS251
tmorrison569,MATH100
tmorrison569,ACCT201
tmorrison569,SCI404
bdavis570,SCI404
bdavis570,CS251
bdavis570,CS252
sdavis,MATH100
sdavis,SCI404
sdavis,ACCT201
banderson572,SCI123
banderson572,CS251
banderson572,SCI404
wanderson,SCI123
wanderson,CS251
wanderson,SCI404
wanderson,ACCT101
bprice574,SCI123
bprice574,ACCT201
bprice574,MATH100
bprice574,CS252
jbutler575,CS251
jbutler575,CS252
jbutler575,MATH100
jbutler575,SCI123
jscott576,CS251
jscott576,ACCT201
jscott576,CS252
ddoe577,SCI404
ddoe577,ACCT101
tdavis578,ACCT101
tdavis578,SCI404
tdavis578,CS251
tdavis578,MATH100
slangenberg579,CS252
slangenberg579,SCI123
bvales580,MATH100
lpeterson581,CS252
lpeterson581,SCI123
lpeterson581,MATH100
bmartinez582,MATH100
bmartinez582,ACCT101
bmartinez582,CS252
asmith583,SCI123
asmith583,ACCT201
asmith583,CS252
aprice,MATH100
aprice,ACCT201
ehenderson585,CS252
lmorrison586,MATH100
lmorrison586,SCI123
chenderson,MATH101
lbrown,ACCT101
lbrown,CS251
lbrown,MATH101
lbrown,SCI123
psmith,ACCT201
klee590,MATH101
klee590,SCI123
kdoe591,SCI404
kdoe591,CS252
kdoe591,SCI123
kdoe591,ACCT101
ldoe592,MATH100
mvales593,SCI123
ahenderson594,ACCT201
ahenderson594,CS251
aroberts,MATH100
aroberts,CS251
aroberts,SCI123
dthompson,MATH101
dthompson,CS251
dbrown597,ACCT201
dbrown597,MATH100
dbrown597,MATH101
tmartinez598,MATH100
tmartinez598,SCI404
kbrown599,MATH101
kbrown599,CS251
pclark600,CS251
pclark600,CS252
pclark600,MATH100
mprice601,CS251
lbutler602,MATH100
jhenderson603,CS251
jhenderson603,ACCT201
kscott604,CS251
kscott604,MATH100
kscott604,SCI123
ddoe605,CS251
ddoe605,MATH100
djohnson606,MATH100
pbutler607,SCI123
pbutler607,ACCT201
pbutler607,CS252
pbutler607,SCI404
jbutler608,SCI123
jbutler608,CS251
jbutler608,MATH101
jbutler608,MATH100
ksmith609,SCI123
ksmith609,ACCT101
jpeterson610,SCI123
kbutler611,MATH101
kbutler611,SCI123
kbutler611,CS251
wwhite,CS251
wwhite,ACCT101
dpeterson613,SCI123
dpeterson613,MATH101
dpeterson613,ACCT201
dpeterson613,CS251
klopez614,MATH101
klopez614,ACCT101
klopez614,CS252
tjohnson,SCI404
mlee616,SCI123
mlee616,ACCT201
jprice617,ACCT101
jprice617,MATH100
jprice617,MATH101
jprice617,CS252
ghenderson618,MATH100
rwalters619,CS251
rwalters619,SCI404
bmorrison620,SCI404
bmorrison620,CS251
landerson,SCI123
landerson,MATH101
landerson,MATH100
landerson,CS251
landerson622,MATH100
landerson622,SCI404
landerson622,ACCT101
landerson622,SCI123
pprice,ACCT101
pprice,MATH101
nsmith,SCI123
nsmith,SCI404
nsmith,MATH101
nsmith,ACCT201
jpeterson625,CS252
jpeterson625,ACCT101
jpeterson625,SCI123
jpeterson625,SCI404
mlopez626,MATH101
mlopez626,MATH100
mlopez626,CS251
mlopez626,ACCT101
dvales627,MATH101
dvales627,SCI404
dvales627,SCI123
dvales627,MATH100
ethompson628,ACCT201
rdoe629,SCI404
rdoe629,CS252
rdoe629,ACCT101
rdoe629,CS251
cjohnson,CS251
cjohnson,CS252
cjohnson,SCI123
cjohnson,MATH101
mwilliams631,CS251
mwilliams631,SCI404
mwilliams631,MATH100
mwilliams631,ACCT201
jpeterson632,SCI404
bgonazles633,SCI123
bgonazles633,CS252
danderson634,ACCT201
kwalters635,CS252
kwalters635,SCI404
kwalters635,SCI123
kwalters635,ACCT101
adoe,ACCT101
adoe,ACCT201
cdoe,MATH100
ddoe638,ACCT201
edavis639,ACCT201
edavis639,SCI123
edavis639,CS251
edavis639,MATH100
hwhite640,CS252
dprice641,SCI123
dprice641,MATH100
dprice641,CS252
dprice641,SCI404
klopez642,MATH100
klopez642,SCI123
klopez642,MATH101
klopez642,ACCT201
abrown643,SCI404
mwhite644,CS252
mwhite644,SCI123
kwhite645,ACCT101
kwhite645,MATH101
kwhite645,CS252
kwhite645,SCI404
edoe,MATH101
mgonazles647,ACCT201
mgonazles647,SCI404
mgonazles647,CS251
jhenderson648,CS252
jhenderson648,ACCT201
bsmith649,CS251
bsmith649,SCI404
bsmith649,ACCT101
lmorrison650,CS251
lmorrison650,CS252
lmorrison650,SCI123
llangenberg651,SCI123
llangenberg651,SCI404
llangenberg651,CS251
llangenberg651,MATH100
jwalters652,SCI404
jwalters652,MATH101
tjohnson653,ACCT101
tjohnson653,MATH100
tjohnson653,SCI404
jwalters654,CS251
jwalters654,SCI404
bmorrison655,ACCT101
mclark656,CS251
mclark656,ACCT101
mclark656,SCI404
mclark656,CS252
ewilliams657,SCI123
ewilliams657,CS252
ewilliams657,MATH100
jlewis658,MATH101
jlewis658,CS251
kgrady659,ACCT201
kgrady659,CS251
wmartinez,MATH100
wmartinez,MATH101
pwilliams,ACCT101
pwilliams,CS252
kjohnson662,CS251
kjohnson662,SCI123
kjohnson662,SCI404
smartinez663,SCI123
smartinez663,ACCT101
smartinez663,MATH100
mvales664,SCI123
klangenberg665,MATH101
msmith666,CS252
mvales667,MATH100
jwalters668,SCI404
jwalters668,ACCT201
jwalters668,ACCT101
jwalters668,CS252
pgonazles669,CS251
pgonazles669,MATH100
dvales670,SCI123
dvales670,CS251
dclark671,SCI404
bdoe672,SCI123
bdoe672,ACCT201
bdoe672,MATH101
mbrown673,CS251
mbrown673,ACCT101
mbrown673,MATH100
kdoe674,ACCT101
kdoe674,SCI123
kdoe674,ACCT201
kdoe674,MATH100
wthompson675,SCI123
wthompson675,ACCT201
dmorrison676,MATH100
edoe677,ACCT201
edoe677,CS251
edoe677,CS252
nlangenberg,SCI123
nlangenberg,CS251
kpeterson679,SCI123
hgonazles,ACCT201
hgonazles,CS251
droberts,CS252
dgonazles682,SCI404
dgonazles682,SCI123
mmorrison,ACCT201
cmorrison684,ACCT201
cmorrison684,CS251
cmorrison684,MATH101
jlewis685,CS252
jlewis685,MATH100
jlewis685,MATH101
jlewis685,ACCT201
jjohnson686,ACCT201
jjohnson686,MATH100
elee,CS251
elee,SCI123
elee,CS252
elee,MATH101
ddoe688,CS252
ddoe688,ACCT101
droberts689,SCI404
droberts689,ACCT201
mgonazles690,SCI123
mgonazles690,MATH101
awilliams,CS252
gwalters,CS252
gwalters,SCI404
gwalters,CS251
gwalters,ACCT201
wgonazles,ACCT201
mlewis694,CS252
mlewis694,MATH101
avales695,CS251
avales695,SCI123
mjohnson696,CS252
mjohnson696,ACCT201
kanderson,SCI404
kanderson,MATH100
kanderson,SCI123
troberts,MATH101
troberts,MATH100
troberts,ACCT201
dlewis699,ACCT201
dlewis699,MATH100
dlewis699,SCI123
dwalters700,MATH100
kbrown701,SCI123
kbrown701,CS252
kbrown701,ACCT201
ewhite702,MATH100
ewhite702,ACCT101
ewhite702,ACCT201
ewhite702,CS252
lwalters703,MATH100
lwalters703,CS252
lwalters703,ACCT101
alangenberg704,SCI123
bbrown705,SCI123
bbrown705,MATH100
blangenberg,MATH101
mlewis707,MATH100
mlewis707,SCI123
mlewis707,CS252
ksmith708,CS252
ksmith708,SCI123
ksmith708,ACCT201
ksmith708,MATH100
clopez,MATH101
clopez,ACCT101
mclark710,ACCT201
mclark710,SCI123
mclark710,CS252
tprice,CS251
tprice,SCI123
tprice,ACCT101
tprice,MATH100
klewis712,CS251
klewis712,CS252
mbutler713,MATH101
mbutler713,CS252
mbutler713,ACCT101
mbutler713,SCI123
mmorrison714,CS252
mmorrison714,MATH100
mmorrison714,ACCT201
gsmith715,ACCT101
gsmith715,ACCT201
gsmith715,CS251
randerson,SCI123
randerson,ACCT201
randerson,CS252
klangenberg717,ACCT101
klangenberg717,MATH100
mlangenberg718,MATH101
plee719,CS252
plee719,SCI123
dclark720,CS252
bbrown721,CS252
bbrown721,MATH100
bvales722,CS252
emartinez,MATH101
emartinez,SCI123
kgonazles,ACCT201
kgonazles,CS251
kgonazles,SCI123
kgonazles,CS252
lvales725,ACCT101
lvales725,SCI404
lvales725,SCI123
kgrady726,MATH100
kgrady726,ACCT101
aanderson727,SCI404
awhite728,SCI123
lwilliams729,CS251
bclark730,CS252
bclark730,SCI123
dwilliams731,ACCT101
dwilliams732,ACCT101
dlewis733,MATH101
dlewis733,SCI404
ndoe,SCI123
ndoe,CS252
ndoe,MATH100
jjohnson735,ACCT201
jjohnson735,SCI404
jjohnson735,SCI123
jgonazles736,SCI404
lprice,ACCT201
lprice,MATH100
lprice,CS251
lprice,SCI404
rdoe738,SCI123
rdoe738,MATH100
rdoe738,ACCT201
dbrown739,ACCT201
handerson740,SCI123
handerson740,ACCT201
jmartinez741,SCI404
jmartinez741,CS251
agonazles,MATH101
edavis743,MATH100
edavis743,CS252
edavis743,CS251
edavis743,ACCT201
jpeterson744,ACCT101
jpeterson744,MATH101
jpeterson744,SCI123
jpeterson744,CS252
bprice745,ACCT201
bprice745,CS251
bprice745,SCI404
bprice745,MATH100
jwilliams746,CS251
jwilliams746,MATH101
jwilliams746,ACCT101
jwilliams746,MATH100
rroberts,SCI123
rroberts,CS251
rroberts,SCI404
rroberts,MATH100
kroberts748,SCI123
kroberts748,CS252
janderson749,ACCT201
janderson749,MATH100
janderson749,CS252
janderson749,MATH101
broberts750,SCI123
broberts750,CS252
broberts750,ACCT201
elopez751,SCI404
manderson752,CS251
manderson752,MATH100
kbutler753,SCI404
kbutler753,MATH100
kbutler753,SCI123
kbutler753,ACCT101
gclark,ACCT101
gclark,MATH101
gclark,ACCT201
jwilliams755,SCI123
jwilliams755,CS251
llopez756,MATH101
llopez756,ACCT201
llopez756,CS251
khenderson757,ACCT201
khenderson757,SCI123
khenderson757,ACCT101
cjohnson758,SCI404
cjohnson758,CS251
cjohnson758,SCI123
kgasper759,SCI123
kgasper759,SCI404
jlewis760,SCI123
jlewis760,CS252
jlewis760,MATH101
jlewis760,CS251
llee761,SCI123
llee761,MATH100
llee761,CS251
rvales762,SCI123
rvales762,MATH101
rvales762,CS252
rvales762,ACCT201
jgasper763,SCI404
jgasper763,ACCT201
jgasper763,MATH101
jgasper763,CS252
mprice764,CS251
mprice764,SCI404
mprice764,MATH100
asmith765,MATH101
asmith765,CS251
kanderson766,SCI123
kanderson766,ACCT201
tbrown767,CS252
tbrown767,SCI123
kvales768,SCI123
kvales768,ACCT101
kvales768,CS251
kvales768,SCI404
jhenderson769,MATH101
jhenderson769,CS251
jhenderson769,ACCT201
jhenderson769,SCI404
jjohnson770,MATH100
wroberts,CS252
wroberts,SCI123
wroberts,ACCT201
wroberts,MATH101
cpeterson772,MATH101
tdoe,SCI123
tdoe,CS251
tdoe,CS252
tdoe,ACCT101
hroberts,SCI123
hroberts,CS252
mprice775,SCI123
mprice775,CS251
mprice775,SCI404
lroberts776,MATH100
lroberts776,CS251
lroberts776,MATH101
lroberts776,ACCT201
mdavis777,SCI404
mdavis777,SCI123
kgonazles778,MATH100
kgonazles778,ACCT101
kgonazles778,SCI123
kgonazles778,CS251
mvales779,MATH101
mvales779,MATH100
mvales779,ACCT101
jdoe780,ACCT201
dmartinez,SCI404
dvales782,CS252
tprice783,SCI123
tprice783,ACCT201
tprice783,CS251
tprice783,MATH100
dmorrison784,SCI404
dgonazles785,ACCT101
dgonazles785,MATH100
dgonazles785,SCI123
dgonazles785,CS251
swalters786,CS251
swalters786,MATH101
swalters786,SCI123
hpeterson,SCI123
hpeterson,ACCT101
hpeterson,CS251
jlee788,SCI123
nlopez,ACCT101
nlopez,MATH101
nlopez,CS252
nlopez,MATH100
kwhite790,ACCT201
kwhite790,CS251
kwhite790,ACCT101
nbutler,MATH101
jroberts792,SCI123
jroberts792,MATH101
jroberts792,CS251
hclark,MATH100
hclark,SCI123
hclark,ACCT201
nclark794,MATH100
nclark794,CS251
dpeterson795,SCI404
dpeterson795,MATH101
dpeterson795,SCI123
hbrown796,SCI123
hbrown796,CS251
hbrown796,ACCT201
hlewis797,SCI123
hlewis797,ACCT101
hlewis797,CS251
blewis798,MATH100
blewis798,CS251
blewis798,ACCT201
blewis798,SCI123
sroberts799,ACCT201
sroberts799,SCI404
sroberts799,CS251
sroberts799,CS252
clewis800,CS251
clewis800,ACCT101
clewis800,MATH101
jclark801,CS252
jclark801,MATH101
jvales802,SCI123
jvales802,CS252
jlewis803,CS252
jlewis803,ACCT201
jlewis803,SCI123
jlewis803,MATH100
jgasper804,ACCT101
jgasper804,SCI404
rdavis805,CS251
rdavis805,ACCT201
rdavis805,SCI404
rdavis805,MATH101
dwilliams806,MATH101
dwilliams806,SCI123
dwilliams806,MATH100
jscott807,SCI123
jscott807,ACCT201
jscott807,MATH101
wwilliams808,SCI404
edavis809,SCI123
edavis809,CS252
edavis809,MATH101
mprice810,ACCT201
mprice810,SCI123
mprice810,MATH101
bhenderson,SCI123
bhenderson,ACCT101
bhenderson,SCI404
hhenderson812,SCI123
hhenderson812,CS252
hhenderson812,ACCT101
hhenderson812,SCI404
kscott813,SCI123
kscott813,CS252
kscott813,MATH100
ddoe814,MATH101
ddoe814,SCI123
ddoe814,ACCT101
ewilliams815,MATH101
ewilliams815,ACCT201
jsmith816,SCI404
jsmith816,SCI123
jsmith816,MATH101
jsmith816,CS251
lvales817,SCI123
lvales817,SCI404
lvales817,CS251
lvales817,ACCT101
lpeterson818,SCI123
dgasper,ACCT101
dgasper,SCI404
nlangenberg820,ACCT101
nlangenberg820,MATH101
jhenderson821,SCI123
jhenderson821,CS252
ddavis822,ACCT201
ddavis822,CS251
ddavis822,MATH100
kgasper823,ACCT101
kgasper823,CS251
kgasper823,CS252
kgasper823,MATH101
jprice824,ACCT201
jprice824,SCI123
jprice824,MATH100
jprice824,MATH101
aclark,MATH100
jclark826,ACCT101
jclark826,SCI404
jclark826,CS251
jclark826,ACCT201
lmartinez,ACCT101
lmartinez,ACCT201
lmartinez,SCI123
lmartinez,MATH100
jpeterson828,SCI404
jpeterson828,MATH100
jpeterson828,SCI123
jpeterson828,MATH101
jdoe829,CS251
jdoe829,ACCT101
jdoe829,MATH101
jdoe829,SCI404
nmorrison,ACCT201
ehenderson831,SCI123
ehenderson831,CS251
ehenderson831,MATH101
kwhite832,SCI123
dhenderson833,CS252
dhenderson833,CS251
dbrown834,SCI123
dbrown834,CS252
dbrown834,MATH100
manderson835,MATH100
manderson835,SCI123
manderson835,ACCT201
ggasper836,MATH100
ggasper836,SCI123
ggasper836,CS251
ggasper836,CS252
mlewis837,SCI123
mlewis837,ACCT201
kclark838,MATH101
kclark838,SCI404
kclark838,CS251
kclark838,SCI123
dclark839,SCI123
dclark839,CS251
dclark839,ACCT101
blewis840,MATH101
blewis840,SCI404
blewis840,ACCT101
wlewis,CS251
jbutler842,CS252
jbutler842,CS251
bbutler843,CS251
gthompson,MATH101
gthompson,MATH100
gthompson,CS252
gthompson,SCI404
glangenberg,MATH101
glangenberg,CS251
ajohnson,ACCT101
ajohnson,MATH100
ajohnson,SCI123
awhite847,SCI123
awhite847,ACCT101
awhite847,MATH100
dhenderson848,ACCT101
dhenderson848,CS251
mwilliams849,CS252
nprice,CS252
nprice,SCI404
nprice,MATH100
dthompson851,CS252
dthompson851,MATH101
ebutler852,ACCT101
ebutler852,SCI123
ebutler852,MATH100
ebutler852,SCI404
kdavis853,MATH100
kdavis853,SCI404
kdavis853,SCI123
tgasper854,SCI123
alangenberg855,SCI123
kclark856,SCI404
kclark856,SCI123
wdavis,CS252
kwalters858,ACCT101
kwalters858,ACCT201
kwalters858,SCI404
kwalters858,SCI123
eprice859,ACCT101
eprice859,SCI404
eprice859,ACCT201
eprice859,MATH101
slee860,CS251
slee860,MATH100
slee860,SCI123
slee860,ACCT101
jwalters861,SCI123
rprice862,MATH100
rprice862,ACCT101
rprice862,ACCT201
rprice862,MATH101
tmartinez863,ACCT101
tmartinez863,ACCT201
tmartinez863,SCI404
tmartinez863,MATH100
mclark864,CS252
mclark864,SCI123
lwalters865,SCI404
lwalters865,ACCT201
lwalters865,MATH100
lwalters865,SCI123
handerson866,CS251
dhenderson867,MATH101
ldoe868,SCI404
ldoe868,SCI123
ldoe868,ACCT101
ldoe868,CS252
ggonazles869,MATH101
ggonazles869,MATH100
kanderson870,ACCT101
kanderson870,SCI404
kanderson870,ACCT201
kanderson870,SCI123
ajohnson871,SCI404
ajohnson871,CS251
bgasper872,SCI123
bgasper872,ACCT201
bgasper872,CS252
bgasper872,SCI404
jlee873,ACCT201
jlee873,SCI404
khenderson874,MATH100
khenderson874,ACCT201
jwilliams875,CS252
jwilliams875,MATH100
nwilliams,SCI123
nwilliams,MATH101
nwilliams,ACCT201
nwilliams,MATH100
kbrown877,MATH101
bthompson878,MATH101
bthompson878,SCI123
bthompson878,ACCT201
rdavis879,CS252
rdavis879,ACCT201
rdavis879,SCI123
rdavis879,MATH100
gthompson880,SCI404
gthompson880,ACCT101
gthompson880,CS252
bpeterson881,ACCT101
bpeterson881,SCI123
bpeterson881,ACCT201
bpeterson881,SCI404
mbrown882,ACCT101
mbrown882,SCI123
mbrown882,SCI404
jmartinez883,CS252
jmartinez883,SCI123
jmartinez883,ACCT101
hwhite884,SCI123
lhenderson885,MATH100
lhenderson885,MATH101
lhenderson885,CS251
lhenderson885,SCI123
thenderson,SCI404
thenderson,ACCT201
thenderson,SCI123
sdavis887,MATH101
dclark888,CS251
dclark888,SCI123
dclark888,ACCT201
dclark888,SCI404
dpeterson889,MATH101
dpeterson889,SCI123
dpeterson889,SCI404
jbutler890,ACCT101
ksmith891,SCI123
ksmith891,MATH100
rlopez892,CS252
rlopez892,SCI123
ksmith893,SCI123
jdavis894,ACCT101
jdavis894,SCI123
ddoe895,SCI123
ddoe895,SCI404
ddoe895,CS252
msmith896,ACCT101
msmith896,SCI404
mdavis897,SCI123
mdavis897,MATH101
mdavis897,ACCT201
mmartinez898,SCI123
jlangenberg899,MATH100
jlangenberg899,ACCT101
cdavis900,CS251
cdavis900,SCI404
cdavis900,MATH100
cdavis900,CS252
jmartinez901,SCI123
jmartinez901,MATH101
tmartinez902,CS251
tmartinez902,MATH100
tmartinez902,ACCT101
tmartinez902,ACCT201
bprice903,CS252
bprice903,SCI123
jdavis904,ACCT101
jdavis904,MATH101
jdavis904,SCI123
jdavis904,CS252
jmartinez905,CS251
jmartinez905,SCI123
landerson906,CS252
rlee,ACCT201
rlee,SCI123
rlee,MATH100
rlee,ACCT101
dlewis908,SCI123
jlopez909,MATH100
jlopez909,CS251
kgasper910,MATH100
kgasper910,CS252
kgasper910,SCI404
mscott911,MATH101
smorrison,CS252
smorrison,SCI404
smorrison,MATH101
smorrison,CS251
kjohnson913,ACCT201
kjohnson913,MATH101
kjohnson913,ACCT101
bwhite914,SCI123
bwhite914,MATH101
bwhite914,CS251
bwhite914,CS252
kgonazles915,SCI123
kgonazles915,MATH100
kgonazles915,ACCT201
jgasper916,ACCT101
jlewis917,ACCT101
jlewis917,SCI404
mjohnson918,SCI123
ddavis919,CS251
ddavis919,SCI404
ddavis919,MATH101
ddavis919,SCI123
dvales920,ACCT201
mlangenberg921,CS252
mlangenberg921,ACCT201
mlangenberg921,CS251
jvales922,SCI123
mgrady923,SCI123
hsmith924,MATH100
hsmith924,MATH101
lgrady925,SCI123
gbutler926,SCI123
gbutler926,CS252
gbutler926,MATH101
jwhite927,MATH101
jwhite927,ACCT201
jwhite927,ACCT101
bpeterson928,SCI123
nlewis,CS251
nlewis,CS252
jroberts930,MATH101
jroberts930,SCI123
jroberts930,ACCT101
kpeterson931,SCI123
lhenderson932,MATH100
jlewis933,SCI404
jlewis933,SCI123
jlewis933,ACCT201
jlewis933,MATH101
dlangenberg934,MATH101
dlangenberg934,SCI404
dlangenberg934,CS251
kbutler935,ACCT201
rjohnson,SCI123
jwalters937,MATH101
jwalters937,ACCT201
jwalters937,CS251
kgonazles938,ACCT201
mgasper939,CS252
mgasper939,MATH101
mgasper939,ACCT201
mgasper939,SCI404
klopez940,SCI123
klopez940,SCI404
klopez940,MATH101
klopez940,ACCT101
jwhite941,SCI123
jgonazles942,MATH101
jgonazles942,CS252
jgonazles942,ACCT201
jgonazles942,SCI123
khenderson943,SCI123
khenderson943,ACCT101
khenderson943,MATH100
mhenderson944,MATH101
mhenderson944,MATH100
mhenderson944,CS252
cprice,SCI404
cprice,SCI123
cprice,MATH101
cprice,ACCT101
janderson946,SCI123
janderson946,MATH100
ejohnson947,SCI123
ejohnson947,MATH100
ejohnson947,ACCT101
ejohnson947,MATH101
janderson948,ACCT201
janderson948,SCI404
janderson948,SCI123
janderson948,ACCT101
lhenderson949,SCI123
lhenderson949,MATH101
lhenderson949,CS252
lhenderson949,ACCT101
mlee950,SCI123
mlee950,ACCT101
ewilliams951,SCI123
ewilliams951,CS252
ewilliams951,ACCT101
plewis,CS251
plewis,MATH100
plewis,SCI123
mclark953,ACCT101
mclark953,SCI123
dwilliams954,MATH101
rroberts955,SCI404
jsmith956,SCI404
jwhite957,ACCT201
jwhite957,CS251
jwhite957,SCI123
jwhite957,MATH100
bwalters958,MATH100
bwalters958,CS251
bwalters958,ACCT101
mhenderson959,ACCT201
mhenderson959,MATH101
mhenderson959,CS251
mhenderson959,ACCT101
mgasper960,SCI123
mgasper960,MATH101
mgasper960,CS252
ppeterson,SCI404
ppeterson,SCI123
jscott962,MATH101
jscott962,MATH100
hdavis963,SCI123
hdavis963,CS252
hdavis963,MATH101
pwhite,CS252
dwalters965,CS252
dwalters965,MATH100
dwalters965,ACCT101
blopez966,CS252
bgrady967,MATH100
bgrady967,SCI404
bgrady967,ACCT201
bclark968,ACCT101
bclark968,SCI123
bclark968,ACCT201
bclark968,CS252
lprice969,SCI123
wpeterson970,SCI404
wpeterson970,CS251
wpeterson970,SCI123
wpeterson970,CS252
banderson971,SCI404
banderson971,SCI123
hprice972,CS251
hprice972,CS252
mpeterson973,CS251
mpeterson973,MATH101
mpeterson973,SCI123
ngonazles,SCI123
ngonazles,SCI404
jvales975,SCI404
jvales975,ACCT101
jvales975,ACCT201
jvales975,MATH100
jpeterson976,MATH100
jpeterson976,ACCT101
jpeterson976,SCI123
kmartinez977,SCI404
pbrown978,SCI404
pbrown978,SCI123
dbutler979,CS251
dbutler979,SCI123
dbutler979,CS252
hmorrison980,MATH101
hmorrison980,SCI123
hmorrison980,SCI404
cdoe981,CS251
cdoe981,SCI404
cdoe981,CS252
alee,MATH100
alee,MATH101
alee,CS251
jlee983,ACCT101
jlee983,ACCT201
jlee983,MATH100
mprice984,MATH100
mprice984,SCI123
mprice984,SCI404
jbutler985,SCI123
jbutler985,CS252
jbutler985,ACCT101
mmartinez986,SCI404
mmartinez986,ACCT201
mmartinez986,MATH100
hmartinez,ACCT101
hmartinez,SCI404
hmartinez,SCI123
twalters988,SCI404
twalters988,CS251
twalters988,MATH101
twalters988,ACCT201
kwilliams989,ACCT101
kwilliams989,SCI123
kwilliams989,MATH101
emartinez990,ACCT201
emartinez990,MATH100
emartinez990,CS251
klee991,MATH101
klee991,SCI404
bjohnson992,MATH101
bjohnson992,SCI123
bjohnson992,CS252
bjohnson992,ACCT201
wdavis993,ACCT101
wdavis993,CS252
bgonazles994,CS251
jvales995,SCI404
jvales995,CS251
kjohnson996,CS251
ggrady,SCI123
ggrady,MATH101
ggrady,SCI404
lbutler998,ACCT101
lbutler998,MATH100
lbutler998,ACCT201
lbutler998,SCI404
tgasper999,CS252
